<?xml version="1.0"?>

<!--
authentication against eXo users database (default)
-->


<authentication debug="on">
  <handler>
    <classname>org.esupportail.cas.server.handlers.database.SearchDatabaseHandler</classname>
    <config>
      <table>EXO_USER</table>
      <login_column>USERNAME</login_column>
      <password_column>PASSWORD</password_column>
      <encryption>plain</encryption>
      <bind_username>sa</bind_username>
      <bind_password></bind_password>
      <server>
        
    <!--    <jdbc_url>jdbc:hsqldb:file:../temp/data/sbiportal</jdbc_url>
    -->
        <jdbc_url>jdbc:hsqldb:file:/ProgramFiles/exo-portal-1.1.4-SpagoBI-2.0/temp/data/portal</jdbc_url>
        <jdbc_driver>org.hsqldb.jdbcDriver</jdbc_driver>
      </server>
    </config>
  </handler>
</authentication>



<!--
authentication against LDAP server


<authentication debug="on">
  <handler>
    <classname>org.esupportail.cas.server.handlers.ldap.FastBindLdapHandler</classname>
    <config>
    <filter>cn=%u,ou=People,dc=spagobi,dc=org</filter>
      <server>
        <url>ldap://localhost</url>
      </server>
    </config>
  </handler>
</authentication>
-->
