<?xml version="1.0" encoding="UTF-8" ?>
<!DOCTYPE log4j:configuration SYSTEM "log4j.dtd">
<log4j:configuration xmlns:log4j="http://jakarta.apache.org/log4j/" debug="true">  
  <appender name="APPENDER_GH" class="org.apache.log4j.FileAppender">
    <param name="File" value="esup-casgeneric.log" />
    <layout class="org.apache.log4j.PatternLayout">
      <param name="ConversionPattern" value="%5p [%t] %c{2}.[%x] %d{MMM/dd HH:mm:ss} - %m%n" />
    </layout>
  </appender>
  <root >
    <priority value="DEBUG" />
    <appender-ref ref="APPENDER_GH" />
  </root>
</log4j:configuration>

