<?xml version="1.0" encoding="UTF-8"?>
<Workspace name="default">
        <FileSystem class="org.apache.jackrabbit.core.fs.local.LocalFileSystem">
            <param name="path" value="${wsp.home}"/>
        </FileSystem>
        <PersistenceManager class="org.apache.jackrabbit.core.state.obj.ObjectPersistenceManager"/>
<!--
        <SearchIndex class="org.apache.jackrabbit.core.query.lucene.SearchIndex">
            <param name="useCompoundFile" value="true"/>
            <param name="minMergeDocs" value="1000"/>
            <param name="maxMergeDocs" value="100000"/>
            <param name="mergeFactor" value="10"/>
            <param name="bufferSize" value="10"/>
            <FileSystem class="org.apache.jackrabbit.core.fs.local.LocalFileSystem">
                <param name="path" value="${wsp.home}/index"/>
            </FileSystem>
        </SearchIndex>
-->
    </Workspace>

